{"loss": [3.451260566711426], "accuracy": [0.12818877398967743]}